{
  "project_info": {
    "project_number": "634718611385",
    "firebase_url": "https://finalproject-76445.firebaseio.com",
    "project_id": "finalproject-76445",
    "storage_bucket": "finalproject-76445.appspot.com"
  },
  "client": [
    {
      "client_info": {
        "mobilesdk_app_id": "1:634718611385:android:bdfb6dcd90127b6b92f868",
        "android_client_info": {
          "package_name": "com.example.finalproject"
        }
      },
      "oauth_client": [
        {
          "client_id": "634718611385-ajat1n2dd6s1vjnslomfje2hac30mn2s.apps.googleusercontent.com",
          "client_type": 3
        }
      ],
      "api_key": [
        {
          "current_key": "AIzaSyBPLZRN26eWln6E_jJD8iYSd75prPuTn1k"
        }
      ],
      "services": {
        "appinvite_service": {
          "other_platform_oauth_client": [
            {
              "client_id": "634718611385-ajat1n2dd6s1vjnslomfje2hac30mn2s.apps.googleusercontent.com",
              "client_type": 3
            }
          ]
        }
      }
    }
  ],
  "configuration_version": "1"
}